{"cameraMode":{"drawMode":0,"name":"Shaded","section":"Shading Mode"},"sceneLighting":false,"audioPlay":false,"sceneViewState":{"m_AlwaysRefresh":false,"showFog":true,"showSkybox":false,"showFlares":true,"showImageEffects":true,"showParticleSystems":true,"showVisualEffectGraphs":true,"m_FxEnabled":true},"in2DMode":false,"pivot":{"x":0.4959239959716797,"y":0.42750000953674319,"z":1.6499793529510499},"rotation":{"x":0.1263274848461151,"y":-0.6616450548171997,"z":0.11446713656187058,"w":0.7301908135414124},"size":0.7309849858283997,"orthographic":false}