{"cameraMode":{"drawMode":0,"name":"Shaded","section":"Shading Mode"},"sceneLighting":false,"audioPlay":false,"sceneViewState":{"m_AlwaysRefresh":false,"showFog":true,"showSkybox":false,"showFlares":true,"showImageEffects":true,"showParticleSystems":true,"showVisualEffectGraphs":true,"m_FxEnabled":true},"in2DMode":false,"pivot":{"x":0.5685119032859802,"y":0.3514663577079773,"z":1.7741398811340333},"rotation":{"x":0.0002947310858871788,"y":-0.9966967701911926,"z":0.08121994882822037,"w":0.0035949076991528274},"size":0.7309849858283997,"orthographic":false}