{"cameraMode":{"drawMode":0,"name":"Shaded","section":"Shading Mode"},"sceneLighting":false,"audioPlay":false,"sceneViewState":{"m_AlwaysRefresh":false,"showFog":true,"showSkybox":false,"showFlares":true,"showImageEffects":true,"showParticleSystems":true,"showVisualEffectGraphs":true,"m_FxEnabled":true},"in2DMode":false,"pivot":{"x":-0.9815252423286438,"y":0.08046793192625046,"z":-1.7440208196640015},"rotation":{"x":0.004293377511203289,"y":-0.9728580117225647,"z":0.2306731790304184,"w":0.018103409558534623},"size":1.2124356031417847,"orthographic":false}