{"cameraMode":{"drawMode":0,"name":"Shaded","section":"Shading Mode"},"sceneLighting":false,"audioPlay":false,"sceneViewState":{"m_AlwaysRefresh":false,"showFog":true,"showSkybox":false,"showFlares":true,"showImageEffects":true,"showParticleSystems":true,"showVisualEffectGraphs":true,"m_FxEnabled":true},"in2DMode":false,"pivot":{"x":1.0996994972229005,"y":10.915178298950196,"z":-2.2891879081726076},"rotation":{"x":0.16115699708461762,"y":-0.8096311688423157,"z":0.5006416440010071,"w":0.2606169581413269},"size":2.0789740085601808,"orthographic":false}