{"cameraMode":{"drawMode":0,"name":"Shaded","section":"Shading Mode"},"sceneLighting":false,"audioPlay":false,"sceneViewState":{"m_AlwaysRefresh":false,"showFog":true,"showSkybox":false,"showFlares":true,"showImageEffects":true,"showParticleSystems":true,"showVisualEffectGraphs":true,"m_FxEnabled":true},"in2DMode":false,"pivot":{"x":-0.35398048162460329,"y":-1.0219204425811768,"z":0.20368558168411256},"rotation":{"x":0.19231362640857697,"y":-0.13173069059848786,"z":0.026060735806822778,"w":0.9721130728721619},"size":2.7200193405151369,"orthographic":false}