{"cameraMode":{"drawMode":0,"name":"Shaded","section":"Shading Mode"},"sceneLighting":false,"audioPlay":false,"sceneViewState":{"m_AlwaysRefresh":false,"showFog":true,"showSkybox":false,"showFlares":true,"showImageEffects":true,"showParticleSystems":true,"showVisualEffectGraphs":true,"m_FxEnabled":true},"in2DMode":false,"pivot":{"x":-0.8510388731956482,"y":0.040724337100982669,"z":0.7576419711112976},"rotation":{"x":0.09625241905450821,"y":-0.7574287056922913,"z":0.1147131398320198,"w":0.635526180267334},"size":1.3894057273864747,"orthographic":false}