{"cameraMode":{"drawMode":0,"name":"Shaded","section":"Shading Mode"},"sceneLighting":false,"audioPlay":false,"sceneViewState":{"m_AlwaysRefresh":false,"showFog":true,"showSkybox":false,"showFlares":true,"showImageEffects":true,"showParticleSystems":true,"showVisualEffectGraphs":true,"m_FxEnabled":true},"in2DMode":false,"pivot":{"x":0.17706990242004395,"y":1.840600609779358,"z":0.3221096992492676},"rotation":{"x":0.00836415309458971,"y":-0.9526414275169373,"z":0.3028576970100403,"w":0.02630576305091381},"size":5.909080982208252,"orthographic":false}