{"cameraMode":{"drawMode":0,"name":"Shaded","section":"Shading Mode"},"sceneLighting":false,"audioPlay":false,"sceneViewState":{"m_AlwaysRefresh":false,"showFog":true,"showSkybox":false,"showFlares":true,"showImageEffects":true,"showParticleSystems":true,"showVisualEffectGraphs":true,"m_FxEnabled":true},"in2DMode":false,"pivot":{"x":0.000002086162567138672,"y":1.0672707557678223,"z":0.11773937940597534},"rotation":{"x":0.005872918758541346,"y":0.9847906231880188,"z":-0.17037291824817658,"w":0.033974699676036838},"size":1.585230827331543,"orthographic":false}