{"cameraMode":{"drawMode":0,"name":"Shaded","section":"Shading Mode"},"sceneLighting":false,"audioPlay":false,"sceneViewState":{"m_AlwaysRefresh":false,"showFog":true,"showSkybox":false,"showFlares":true,"showImageEffects":true,"showParticleSystems":true,"showVisualEffectGraphs":true,"m_FxEnabled":true},"in2DMode":false,"pivot":{"x":-0.7380380630493164,"y":1.9578535556793213,"z":-2.5590980052948},"rotation":{"x":0.0036836087238043548,"y":-0.9934213757514954,"z":0.10952747613191605,"w":0.033398158848285678},"size":3.510354518890381,"orthographic":false}