{"cameraMode":{"drawMode":0,"name":"Shaded","section":"Shading Mode"},"sceneLighting":false,"audioPlay":false,"sceneViewState":{"m_AlwaysRefresh":false,"showFog":true,"showSkybox":false,"showFlares":true,"showImageEffects":true,"showParticleSystems":true,"showVisualEffectGraphs":true,"m_FxEnabled":true},"in2DMode":false,"pivot":{"x":-2.4814929962158205,"y":-0.4769420325756073,"z":-0.8936337232589722},"rotation":{"x":-0.004011482000350952,"y":-0.9728792309761047,"z":0.23067821562290193,"w":-0.01692373678088188},"size":1.4002243280410767,"orthographic":false}