{"cameraMode":{"drawMode":0,"name":"Shaded","section":"Shading Mode"},"sceneLighting":false,"audioPlay":false,"sceneViewState":{"m_AlwaysRefresh":false,"showFog":true,"showSkybox":false,"showFlares":true,"showImageEffects":true,"showParticleSystems":true,"showVisualEffectGraphs":true,"m_FxEnabled":true},"in2DMode":false,"pivot":{"x":1.4677035808563233,"y":0.6046284437179565,"z":0.10010752826929093},"rotation":{"x":0.20768654346466065,"y":-0.7693438529968262,"z":0.30711597204208376,"w":0.5202696323394775},"size":0.7400796413421631,"orthographic":false}