{"cameraMode":{"drawMode":0,"name":"Shaded","section":"Shading Mode"},"sceneLighting":false,"audioPlay":false,"sceneViewState":{"m_AlwaysRefresh":false,"showFog":true,"showSkybox":false,"showFlares":true,"showImageEffects":true,"showParticleSystems":true,"showVisualEffectGraphs":true,"m_FxEnabled":true},"in2DMode":false,"pivot":{"x":0.010450571775436402,"y":0.7641260623931885,"z":-1.690443992614746},"rotation":{"x":-0.0017854919424280525,"y":0.9956105947494507,"z":-0.09166330844163895,"w":-0.019431455060839654},"size":1.789697289466858,"orthographic":false}