{"cameraMode":{"drawMode":0,"name":"Shaded","section":"Shading Mode"},"sceneLighting":false,"audioPlay":false,"sceneViewState":{"m_AlwaysRefresh":false,"showFog":true,"showSkybox":false,"showFlares":true,"showImageEffects":true,"showParticleSystems":true,"showVisualEffectGraphs":true,"m_FxEnabled":true},"in2DMode":false,"pivot":{"x":-0.17899855971336366,"y":-0.5652069449424744,"z":0.8200953602790833},"rotation":{"x":0.18069612979888917,"y":-0.5589267015457153,"z":0.12634235620498658,"w":0.7993791699409485},"size":1.5669032335281373,"orthographic":false}