{"cameraMode":{"drawMode":0,"name":"Shaded","section":"Shading Mode"},"sceneLighting":false,"audioPlay":false,"sceneViewState":{"m_AlwaysRefresh":false,"showFog":true,"showSkybox":false,"showFlares":true,"showImageEffects":true,"showParticleSystems":true,"showVisualEffectGraphs":true,"m_FxEnabled":true},"in2DMode":false,"pivot":{"x":0.007075309753417969,"y":-0.15656495094299317,"z":-0.0036830902099609377},"rotation":{"x":0.13047179579734803,"y":-0.680908203125,"z":0.1251777708530426,"w":0.7097112536430359},"size":4.817348003387451,"orthographic":false}